{
  "project_info": {
    "project_number": "969486240814",
    "firebase_url": "https://test-76d5b.firebaseio.com",
    "project_id": "test-76d5b",
    "storage_bucket": "test-76d5b.appspot.com"
  },
  "client": [
    {
      "client_info": {
        "mobilesdk_app_id": "1:969486240814:android:e2ea7045d84fdeff",
        "android_client_info": {
          "package_name": "com.example.back4app.pushnotificationviadashboardexample"
        }
      },
      "oauth_client": [
        {
          "client_id": "969486240814-nvq97uj1245ofqo04i27ss2cbh7266vr.apps.googleusercontent.com",
          "client_type": 3
        }
      ],
      "api_key": [
        {
          "current_key": "AIzaSyDAlN5H6MXTw9SnhCo81o4dCcH5NJNufwk"
        }
      ],
      "services": {
        "appinvite_service": {
          "other_platform_oauth_client": [
            {
              "client_id": "969486240814-nvq97uj1245ofqo04i27ss2cbh7266vr.apps.googleusercontent.com",
              "client_type": 3
            }
          ]
        }
      }
    }
  ],
  "configuration_version": "1"
}